class,precision,recall,f1,support
no-damage,0.8244766505636071,0.8165869218500797,0.8205128205128205,627
minor-damage,0.4647058823529412,0.6294820717131474,0.5346869712351946,251
major-damage,0.655367231638418,0.4566929133858268,0.5382830626450116,254
destroyed,0.8023715415019763,0.7837837837837838,0.79296875,259
