class,precision,recall,f1,support
no-damage,0.6020408163265306,0.6629213483146067,0.6310160427807486,89
minor-damage,0.0,0.0,0.0,13
major-damage,0.24444444444444444,0.3548387096774194,0.2894736842105263,31
destroyed,0.5263157894736842,0.44776119402985076,0.4838709677419355,67
