{
  "accuracy": 0.6606757728253055,
  "macro_f1": 0.580434738901705,
  "weighted_f1": 0.6374433314025977,
  "per_class": {
    "no-damage": {
      "precision": 0.7185863874345549,
      "recall": 0.8755980861244019,
      "f1": 0.7893601725377426,
      "support": 627
    },
    "minor-damage": {
      "precision": 0.45614035087719296,
      "recall": 0.3107569721115538,
      "f1": 0.3696682464454976,
      "support": 251
    },
    "major-damage": {
      "precision": 0.5625,
      "recall": 0.3543307086614173,
      "f1": 0.43478260869565216,
      "support": 254
    },
    "destroyed": {
      "precision": 0.6824324324324325,
      "recall": 0.7799227799227799,
      "f1": 0.7279279279279279,
      "support": 259
    }
  },
  "loss": 1.1512400516925485
}