train_loss,val_loss,val_macro_f1,val_accuracy
0.9842725225857326,0.9975276635771869,0.5207785827318746,0.6059077809798271
0.7212530360793188,1.4704141015621701,0.429995252953583,0.590057636887608
0.5772447071500272,1.0029002163526992,0.570795209575497,0.622478386167147
0.4346929704355571,1.0747556741368187,0.5902164208889725,0.6419308357348703
0.2781613940421704,1.34786837039145,0.5484409304358433,0.6102305475504323
