{
  "accuracy": 0.6477354421279655,
  "macro_f1": 0.597864760997324,
  "weighted_f1": 0.6464487767035534,
  "per_class": {
    "no-damage": {
      "precision": 0.7591463414634146,
      "recall": 0.7942583732057417,
      "f1": 0.7763055339049104,
      "support": 627
    },
    "minor-damage": {
      "precision": 0.4236111111111111,
      "recall": 0.4860557768924303,
      "f1": 0.45269016697588127,
      "support": 251
    },
    "major-damage": {
      "precision": 0.4928909952606635,
      "recall": 0.4094488188976378,
      "f1": 0.44731182795698926,
      "support": 254
    },
    "destroyed": {
      "precision": 0.75,
      "recall": 0.6833976833976834,
      "f1": 0.7151515151515152,
      "support": 259
    }
  },
  "loss": 1.0264478083740114
}