train_loss,val_loss,val_macro_f1,val_accuracy
1.0128498103486778,0.9132641837301446,0.5686667958757583,0.6347262247838616
0.7944689954755493,0.7811550258387749,0.5954483319574159,0.6685878962536023
0.6180057679453204,0.9380398171521744,0.5981181940029189,0.6837175792507204
0.4564148278280337,0.8769003515284756,0.6111150738581954,0.659221902017291
0.31033217729271007,1.0009695008096502,0.6294378199946459,0.6815561959654178
0.2135725480929223,1.1464154905389983,0.6142921828244758,0.6671469740634006
0.1620902258254725,1.1792719688814037,0.5977751917396691,0.6678674351585014
0.09966862174652276,1.4875171854447906,0.6146595195656037,0.6296829971181557
