{
  "accuracy": 0.6484543493889289,
  "macro_f1": 0.6083447511205415,
  "weighted_f1": 0.6547218060760654,
  "per_class": {
    "no-damage": {
      "precision": 0.8261648745519713,
      "recall": 0.7352472089314195,
      "f1": 0.7780590717299578,
      "support": 627
    },
    "minor-damage": {
      "precision": 0.39156626506024095,
      "recall": 0.5179282868525896,
      "f1": 0.44596912521440824,
      "support": 251
    },
    "major-damage": {
      "precision": 0.48878923766816146,
      "recall": 0.42913385826771655,
      "f1": 0.4570230607966457,
      "support": 254
    },
    "destroyed": {
      "precision": 0.7266187050359713,
      "recall": 0.7799227799227799,
      "f1": 0.7523277467411545,
      "support": 259
    }
  },
  "loss": 1.0006779285749028
}