{
  "accuracy": 0.6959022286125089,
  "macro_f1": 0.65187119278724,
  "weighted_f1": 0.6986140319706319,
  "per_class": {
    "no-damage": {
      "precision": 0.8287560581583199,
      "recall": 0.8181818181818182,
      "f1": 0.8234349919743178,
      "support": 627
    },
    "minor-damage": {
      "precision": 0.4618320610687023,
      "recall": 0.4820717131474104,
      "f1": 0.47173489278752434,
      "support": 251
    },
    "major-damage": {
      "precision": 0.5418181818181819,
      "recall": 0.5866141732283464,
      "f1": 0.5633270321361059,
      "support": 254
    },
    "destroyed": {
      "precision": 0.7872340425531915,
      "recall": 0.7142857142857143,
      "f1": 0.7489878542510121,
      "support": 259
    }
  },
  "loss": 0.881939170945042
}