{
  "accuracy": 0.6973400431344356,
  "macro_f1": 0.6594105715812704,
  "weighted_f1": 0.7006688051624453,
  "per_class": {
    "no-damage": {
      "precision": 0.815831987075929,
      "recall": 0.8054226475279107,
      "f1": 0.8105939004815409,
      "support": 627
    },
    "minor-damage": {
      "precision": 0.47686832740213525,
      "recall": 0.5338645418326693,
      "f1": 0.5037593984962406,
      "support": 251
    },
    "major-damage": {
      "precision": 0.5521235521235521,
      "recall": 0.562992125984252,
      "f1": 0.557504873294347,
      "support": 254
    },
    "destroyed": {
      "precision": 0.8103448275862069,
      "recall": 0.7258687258687259,
      "f1": 0.7657841140529531,
      "support": 259
    }
  },
  "loss": 0.7848245510945296
}