train_loss,val_loss,val_macro_f1,val_accuracy
0.9577671984373699,1.2272010509150173,0.437409763584192,0.4978386167146974
0.7291259750975625,1.0276620903344937,0.5141541787718981,0.622478386167147
0.5870509960684359,0.9095108533111704,0.5559325210035926,0.6440922190201729
0.4277982971818399,1.078265238907564,0.5428309819899519,0.6462536023054755
0.31849108153407657,1.201310081509417,0.5586000771190613,0.6455331412103746
