{
  "accuracy": 0.710999281092739,
  "macro_f1": 0.6716129010982567,
  "weighted_f1": 0.7122723022310606,
  "per_class": {
    "no-damage": {
      "precision": 0.8244766505636071,
      "recall": 0.8165869218500797,
      "f1": 0.8205128205128205,
      "support": 627
    },
    "minor-damage": {
      "precision": 0.4647058823529412,
      "recall": 0.6294820717131474,
      "f1": 0.5346869712351946,
      "support": 251
    },
    "major-damage": {
      "precision": 0.655367231638418,
      "recall": 0.4566929133858268,
      "f1": 0.5382830626450116,
      "support": 254
    },
    "destroyed": {
      "precision": 0.8023715415019763,
      "recall": 0.7837837837837838,
      "f1": 0.79296875,
      "support": 259
    }
  },
  "loss": 0.7508508654741141
}