{
  "seg_loss": 0.17951997455209492,
  "cls_loss": 1.237708615064621,
  "pixel_acc": 0.9435862731933594,
  "mean_iou": 0.21437600954396582,
  "mean_dice": 0.239603250174221,
  "accuracy": 0.5,
  "macro_f1": 0.35109017368330264,
  "weighted_f1": 0.48776733428361313,
  "per_class": {
    "no-damage": {
      "precision": 0.6020408163265306,
      "recall": 0.6629213483146067,
      "f1": 0.6310160427807486,
      "support": 89
    },
    "minor-damage": {
      "precision": 0.0,
      "recall": 0.0,
      "f1": 0.0,
      "support": 13
    },
    "major-damage": {
      "precision": 0.24444444444444444,
      "recall": 0.3548387096774194,
      "f1": 0.2894736842105263,
      "support": 31
    },
    "destroyed": {
      "precision": 0.5263157894736842,
      "recall": 0.44776119402985076,
      "f1": 0.4838709677419355,
      "support": 67
    }
  },
  "confusion_matrix": [
    [
      12284895,
      20065,
      0,
      0,
      0
    ],
    [
      535005,
      82879,
      0,
      0,
      0
    ],
    [
      58643,
      3574,
      0,
      0,
      0
    ],
    [
      76692,
      5441,
      0,
      0,
      0
    ],
    [
      39167,
      839,
      0,
      0,
      0
    ]
  ]
}