train_seg_loss,train_cls_loss,val_mean_iou,val_macro_f1,val_accuracy
1.0129378992319107,0.0,0.19278720792940343,0.15089077589077587,0.24
0.5714369125664234,0.0,0.18717387342168004,0.18737427491884412,0.31
0.35207759849727155,1.5249364167451858,0.19041743175753745,0.4240168549842382,0.515
0.24972392715513705,1.4194556748867035,0.19334904900680916,0.3085454409030655,0.475
0.21376518242061138,1.3837882754206658,0.1997713454544517,0.37817224880382777,0.52
0.2042254963889718,1.3570706593990325,0.20874910642639083,0.3847016079158936,0.47
0.19692439021542668,1.3937581673264503,0.20640687685073594,0.3270220588235294,0.415
0.193421122841537,1.3777519136667251,0.21313662678053383,0.41264853033145715,0.56
