train_loss,val_loss,val_mean_iou,val_mean_dice
0.41117066200822594,0.9700177278369665,0.18870126347256405,0.19872244144942508
0.20434113716706634,0.4321489638462663,0.18679653437765759,0.19427217588269519
0.1739323485083878,0.4719393656309694,0.2512606151102591,0.28976079817348227
