{
  "pixel_acc": 0.949287338256836,
  "mean_iou": 0.26443077782939384,
  "mean_dice": 0.3033624322334642,
  "class_iou": [
    0.949970818977522,
    0.37218307016944735,
    0.0,
    0.0,
    0.0
  ],
  "class_dice": [
    0.9743436257939947,
    0.5424685353733265,
    0.0,
    0.0,
    0.0
  ],
  "loss": 0.28025554470717906,
  "confusion_matrix": [
    [
      12142793,
      162167,
      0,
      0,
      0
    ],
    [
      318178,
      299706,
      0,
      0,
      0
    ],
    [
      55395,
      6822,
      0,
      0,
      0
    ],
    [
      64626,
      17507,
      0,
      0,
      0
    ],
    [
      39121,
      885,
      0,
      0,
      0
    ]
  ]
}