train_loss,val_loss,val_mean_iou,val_mean_dice
0.990251613855362,0.750584032535553,0.20830759546338737,0.23217595876485597
0.5753855201601982,0.48939976692199705,0.24188340598038732,0.2795814933785898
0.3809265503287315,0.3574237775802612,0.2230591236125731,0.2541992348710639
0.28980941206216815,0.27753766894340515,0.23510075986622742,0.2704505551370799
0.2331669031083584,0.24174019038677216,0.22435358716934503,0.2555215552094593
