{
  "pixel_acc": 0.9530523681640625,
  "mean_iou": 0.3188720366388263,
  "mean_dice": 0.3956695752860806,
  "class_iou": [
    0.9548839188519137,
    0.39275434281679866,
    0.0,
    0.14879873647123143,
    0.09792318505418764
  ],
  "class_dice": [
    0.9769213503098524,
    0.5639965796444278,
    0.0,
    0.25905100997638103,
    0.17837893649974187
  ],
  "loss": 0.17092075541615487,
  "confusion_matrix": [
    [
      12169097,
      123658,
      20,
      9137,
      3048
    ],
    [
      309195,
      303735,
      33,
      3917,
      1004
    ],
    [
      48011,
      10932,
      0,
      3233,
      41
    ],
    [
      50186,
      17243,
      0,
      14697,
      7
    ],
    [
      31707,
      3629,
      0,
      351,
      4319
    ]
  ]
}