train_loss,val_loss,val_mean_iou,val_mean_dice
0.2837554770894349,0.4888153732009232,0.2165785420802949,0.24469173200662225
0.1558842100389302,0.18741606983356177,0.22821768089923183,0.26105769068061313
0.13365870142355563,0.22914251919835807,0.28948917537693325,0.35391144928973756
