{
  "pixel_acc": 0.9443974304199219,
  "mean_iou": 0.2435613316684914,
  "mean_dice": 0.28039177034907425,
  "class_iou": [
    0.9463861311114181,
    0.26803995636324107,
    0.0001593244642714889,
    0.00312867095453541,
    9.257544899092761e-05
  ],
  "class_dice": [
    0.9724546594164399,
    0.4227626345970737,
    0.00031859816806053366,
    0.00623782580465634,
    0.00018513375914097936
  ],
  "loss": 0.48063279151916505,
  "confusion_matrix": [
    [
      12170996,
      127903,
      328,
      1964,
      3769
    ],
    [
      400140,
      207126,
      200,
      1772,
      8646
    ],
    [
      51122,
      10479,
      10,
      105,
      501
    ],
    [
      67939,
      12817,
      20,
      269,
      1088
    ],
    [
      36336,
      3660,
      0,
      5,
      5
    ]
  ]
}